<?xml version="1.0" encoding="UTF-8"?>		
<!DOCTYPE mapper PUBLIC "-//mybatis.org//DTD Mapper 3.0//EN" "http://mybatis.org/dtd/mybatis-3-mapper.dtd">
<!-- alias  eventBoardVO -->
<mapper namespace="EventBoard">
<!-- 메인 페이지 -->
  <select id="listAll" parameterType="map" resultType="eventBoardVO">
 	SELECT * FROM 
			(SELECT ROWNUM R, D.* FROM 
				(SELECT * FROM TABLE_BOARD_EVENT ORDER BY BOARD_NUM DESC) D) B
		WHERE B.R BETWEEN #{startRow} AND #{endRow}
	</select>
	
	
	<!-- 게시글 등록 -->
	<insert id="insertEventBoard" parameterType="eventBoardVO">
	INSERT INTO TABLE_BOARD_EVENT 
	(BOARD_NUM, BOARD_TITLE, BOARD_CONTENT, BOARD_ID, BOARD_DATE, FILE_NAME, 
	EVT_START_DT, EVT_END_DT, BOARD_ZIPCODE, BOARD_ADDRESS, BOARD_ADDRESS_DETAIL, 
	BOARD_ADDRESS_ETC, BOARD_PHONENUMBER, BOARD_CALLNUMBER) 
	VALUES (BOARD_SEQ_EVENT.NEXTVAL, #{board_Title}, #{board_Content}, #{board_Id}, 
	current_date, #{file_name}, to_date(#{EVT_START_DT}, 'yyyy-mm-dd hh24:mi'), 
	to_date(#{EVT_END_DT}, 'yyyy-mm-dd hh24:mi'), #{board_Zipcode}, 
	#{board_Address}, #{board_Address_Detail}, #{board_Address_etc}, #{board_PhoneNumber}, #{board_CallNumber})
	</insert>
	
	<select id="getBoardNum" resultType="_int">
	SELECT BOARD_SEQ_EVENT.CURRVAL FROM DUAL
	</select>
	
	<select id="getDetail" parameterType="_int" resultType="eventBoardVO">
	SELECT * FROM TABLE_BOARD_EVENT 
	WHERE BOARD_NUM = #{board_Num}
	</select>
	
	<select id="getBoardCnt" resultType="_int">
		SELECT COUNT(*) FROM TABLE_BOARD_EVENT
	</select>
	
	
	<update id="updateReadCount" parameterType="_int">
		UPDATE TABLE_BOARD_EVENT 
		SET BOARD_VIEW = BOARD_VIEW + 1 
		WHERE BOARD_NUM = #{board_Num}
	</update>
	
	<delete id="deleteBoard" parameterType="_int">
		DELETE FROM TABLE_BOARD_EVENT WHERE BOARD_NUM = #{board_Num}
	</delete>
	
	<!-- SELECT AREA -->
	<select id="searchList" resultType="eventBoardVO">
		SELECT * FROM TABLE_BOARD_EVENT WHERE 1 = 1
		<if test="areaType != null and areaType != ''">
			AND BOARD_ADDRESS LIKE '#{col}'
		</if>
		<if test="searchType != null and searchType != ''">
			AND BOARD_CONTENT LIKE '#{keyword}%' 
			OR BOARD_TITLE LIKE '#{keyword}%' 
			OR BOARD_ADDRESS LIKE '#{keyword}%'
		</if>
	</select>
	
	<!-- 댓글-->
	<select id="getReplyList" parameterType="_int" resultType="eventReplyVO">
		SELECT * FROM TABLE_REPLY_EVENT WHERE BOARD_NUM = #{board_Num} ORDER BY REPLY_NUM DESC
	</select>
	
	<insert id="insertReply" parameterType="eventReplyVO">
		INSERT INTO TABLE_REPLY_EVENT 
		VALUES (REPLY_SEQ_EVENT.NEXTVAL, #{board_Num}, #{user_Id}, #{reply_Content}, current_date, #{reply_Star}, 'EVENT')
	</insert>
	
	<delete id="deleteReply" parameterType="_int">
		DELETE FROM TABLE_REPLY_EVENT WHERE REPLY_NUM = #{reply_Num}
	</delete>
	
	<update id="updateReply" parameterType="eventReplyVO">
		UPDATE TABLE_REPLY_EVENT
		SET REPLY_CONTENT = #{reply_Content}
		WHERE REPLY_NUM = #{reply_Num}
	</update>
	
	<!-- 댓글 평점 -->
	<select id="getReplyStar" parameterType="_int" resultType="_int">
		SELECT AVG(LENGTH(REPLY_STAR)) FROM TABLE_REPLY_EVENT WHERE BOARD_NUM = #{board_Num}
	</select>
	
	<!-- 글 등록시 포인트 차감-->
	<update id="usePoint" parameterType="map">
		UPDATE TABLE_USER SET USER_POINT = (USER_POINT - #{point}) WHERE user_Id = #{user_Id}
	</update>
 </mapper>